epoch,loss,accuracy,emb,L1,L2,L3,L4,L5,L6,L7,L8,scenario
0,0.0,0.0,19.80352020263672,19.81544949057324,18.099218205241776,18.135854668955982,16.763726934492045,21.61708150839328,22.80044947556459,29.28989417348837,16.263658881404577,prajjwal1_bert-medium_0_001
1,1.21946981652404,0.3078324225865209,19.80347633014394,19.81553006476175,18.09879778252273,18.13316017248157,16.7520905930705,21.60256261773448,22.79085329538703,29.338248859120636,16.188823359477283,prajjwal1_bert-medium_0_001
2,1.1716543935470023,0.3132969034608379,19.803379051889443,19.816349064283248,18.10086487594632,18.13311875973894,16.741346251552006,21.57755625573664,22.778352775643214,29.39964505666375,16.056976485122096,prajjwal1_bert-medium_0_001
3,1.112788205806892,0.3533697632058288,19.80321884850118,19.816464575262017,18.101492390172293,18.13253802245649,16.74571904806057,21.560707606470217,22.764286534599485,29.4476816424038,16.041602963306865,prajjwal1_bert-medium_0_001
4,1.07931300699168,0.4134790528233151,19.80293846477793,19.816788081045797,18.106511739650927,18.143529812060635,16.767301729685187,21.55620715309796,22.761933234654272,29.45734226247652,16.033724022259044,prajjwal1_bert-medium_0_001
5,1.0650457091670218,0.4316939890710382,19.802474975585938,19.81574657836247,18.10185911529485,18.134302108014214,16.7491001900428,21.55890191361335,22.749584830306706,29.4389969177802,16.111923801442966,prajjwal1_bert-medium_0_001
6,1.0407761396171833,0.4863387978142076,19.80308342327403,19.81431679647477,18.095988900717924,18.118666588065835,16.739018841519382,21.551419034030268,22.75156067672757,29.431506158658497,16.215805526205315,prajjwal1_bert-medium_0_001
7,1.012480905798615,0.5446265938069217,19.80338669518087,19.810954443092555,18.09667039047825,18.122059584098217,16.759234082720535,21.581208498317253,22.79776226106237,29.181910836197204,16.553201838703536,prajjwal1_bert-medium_0_001
8,0.9480196446017488,0.6083788706739527,19.80283737877462,19.810140182411736,18.090990368785757,18.09588984366106,16.778454264656443,21.63300727885929,22.887394736590498,28.95431098868504,16.857095464765482,prajjwal1_bert-medium_0_001
9,0.8725564557997907,0.6484517304189436,19.80304718017578,19.80871169293513,18.099078138452192,18.123744248909595,16.876244897616584,21.759791417634336,23.048257560243588,28.239271181311548,17.526220005500946,prajjwal1_bert-medium_0_001
10,0.7640212188001538,0.7468123861566485,19.803014758723247,19.806777287050675,18.101576897181666,18.12999840686013,16.935522777786673,21.843043801563034,23.156938646660475,27.883987148819944,17.834015059340846,prajjwal1_bert-medium_0_001
11,0.6382541673865257,0.7887067395264117,19.80364990234375,19.808697532000654,18.115976580288024,18.1571981294559,17.042068022847825,21.942274333349346,23.363207040588712,27.000463072285196,18.416115752117665,prajjwal1_bert-medium_0_001
12,0.5297431182557334,0.819672131147541,19.80419731487559,19.802919398240054,18.110581389324697,18.12559649635968,17.02082068716025,21.931698894674444,23.36489456816015,27.051468673733847,18.38181995607248,prajjwal1_bert-medium_0_001
13,0.3842036599235673,0.9052823315118396,19.805774681772256,19.80601411135036,18.12517134869685,18.16146800557121,17.05717179206334,21.966414321315742,23.37802471445775,27.008059642353995,18.447775738269687,prajjwal1_bert-medium_0_001
14,0.2793776416279145,0.941712204007286,19.807395935058597,19.80801526401429,18.133941692081304,18.17125504568409,17.103043241796165,22.039101661445883,23.47500275436429,26.51874362966402,18.54215147369329,prajjwal1_bert-medium_0_001
15,0.2053396839967408,0.9471766848816028,19.81038283606913,19.816719347010544,18.13733438238203,18.17224924334194,17.164448430629374,22.061848805467505,23.50103306726897,26.42105736237406,18.55535873385292,prajjwal1_bert-medium_0_001
16,0.1250033010686247,0.9854280510018216,19.810592651367188,19.814155884344935,18.124735959023507,18.163944570961764,17.18789601977406,22.10307134131482,23.53420431279528,26.373251409478527,18.579660189824896,prajjwal1_bert-medium_0_001
17,0.1242634542625675,0.9690346083788708,19.81090355266856,19.809583959249416,18.105577256944443,18.127449369169977,17.18290834131571,22.14326535417734,23.587535517680408,26.276228496502878,18.603714725793168,prajjwal1_bert-medium_0_001
18,0.0811535194651893,0.9817850637522768,19.810958862304688,19.80383887230156,18.097639948943925,18.081963196912533,17.14080759128369,22.094709441527208,23.616044424922087,26.17176991169136,18.576848097837686,prajjwal1_bert-medium_0_001
19,0.0644451262995953,0.9908925318761383,19.812643054621685,19.809476133252755,18.10000645093796,18.08569196968565,17.153488381529982,22.0645531826332,23.613642235705544,26.21680190567545,18.61501473459824,prajjwal1_bert-medium_0_001
20,0.0569848294941562,0.9872495446265938,19.811914440495503,19.808838557675887,18.096257235834507,18.10222713282851,17.166651282805564,22.046887799038917,23.54139100788721,26.35661246433501,18.653860151224883,prajjwal1_bert-medium_0_001
21,0.0401413168771725,0.9927140255009108,19.812501889977515,19.805250379774307,18.10303860023373,18.12110931452072,17.233479956677268,22.127549802019296,23.6871451289276,26.017822710325596,18.627364945541967,prajjwal1_bert-medium_0_001
22,0.0460189390649343,0.9908925318761383,19.81206894615743,19.806086361299663,18.118148400701028,18.14114147804691,17.1349060809026,22.056736958265738,23.562344521555527,26.320560503961392,18.640986069086907,prajjwal1_bert-medium_0_001
23,0.0798245975459316,0.9817850637522768,19.81241989830587,19.803095847096817,18.112721788861496,18.13107969634954,17.11991950418997,22.058660399501225,23.554805373450662,26.447193249978653,18.62776992881233,prajjwal1_bert-medium_0_001
24,0.0461283754184163,0.9872495446265938,19.81408881793691,19.80337320129728,18.10438104014579,18.15614856657435,17.198819394971505,22.14107317481536,23.690952738777536,26.16559521617785,18.62785158695853,prajjwal1_bert-medium_0_001
25,0.0306372790561754,0.9927140255009108,19.81737708697988,19.806044434371977,18.10298040004376,18.145124063682903,17.21758569046882,22.20685537091587,23.72455555233148,26.120592933752064,18.65447991098428,prajjwal1_bert-medium_0_001
26,0.0248146537430109,0.994535519125683,19.81720351478007,19.80550855626174,18.08374526505045,18.112245611805733,17.187477806661082,22.18135812894894,23.722311620938104,26.079055674957665,18.670962696735543,prajjwal1_bert-medium_0_001
27,0.0447638151380072,0.989071038251366,19.816532114164424,19.809779405159595,18.09547923214883,18.12381380286156,17.199716703487876,22.16479355997944,23.70885266024341,26.01819172843558,18.67692162908057,prajjwal1_bert-medium_0_001
28,0.0373482206897413,0.9927140255009108,19.817998889582626,19.81363826675276,18.09853678496592,18.118184157408,17.188102346951844,22.14396428453901,23.63845334634972,26.12989540308551,18.67378667056669,prajjwal1_bert-medium_0_001
29,0.0200578945439532,0.9963570127504554,19.817886352539062,19.813694715934155,18.112314873922934,18.129120957004567,17.22553539449834,22.16810040916901,23.661254993987647,26.077386713635946,18.680772235919,prajjwal1_bert-medium_0_001
30,0.0142862077290107,0.9963570127504554,19.818006518977157,19.81587134467231,18.11687426402052,18.14798787990772,17.275357161280454,22.17141230293093,23.692840270440215,25.972986606952272,18.678963999930627,prajjwal1_bert-medium_0_001
31,0.0185001107078649,0.9927140255009108,19.81820678710937,19.82440748371062,18.11189470134797,18.13406640280357,17.25184978769994,22.122238854024364,23.63648214149128,26.059291485228822,18.691492591399317,prajjwal1_bert-medium_0_001
32,0.0224326028741339,0.9927140255009108,19.81761550208476,19.82445178700709,18.10238954582284,18.11125195612673,17.189606463322875,22.081795989489947,23.547474178460128,26.211388287431337,18.6927394067872,prajjwal1_bert-medium_0_001
33,0.0269286405797267,0.9963570127504554,19.81830214759257,19.82017569898039,18.106246308985085,18.11541239420573,17.20562703839634,22.11520820714954,23.579682230297983,26.19530955385858,18.700488703715564,prajjwal1_bert-medium_0_001
34,0.0267600485247531,0.994535519125683,19.81946563720703,19.824759950620447,18.12511958276856,18.144837065038352,17.246641259810094,22.14671685613136,23.685966199864456,26.180952784359345,18.66215733317947,prajjwal1_bert-medium_0_001
35,0.0135652147647407,0.9981785063752276,19.818374633789062,19.820198670545345,18.12939298869482,18.161012937896672,17.229494424899855,22.17233671038963,23.66237198459646,26.127693106785063,18.703999614889288,prajjwal1_bert-medium_0_001
36,0.0077713432625098,1.0,19.81855010986328,19.818344296870556,18.12451588781805,18.154245164659287,17.227183941283513,22.168268172467343,23.700389674452484,26.069141186434496,18.70736259363171,prajjwal1_bert-medium_0_001
37,0.0090746780134778,0.9981785063752276,19.81840324749278,19.818786829547157,18.116233881271167,18.13083688982632,17.197940597117274,22.131542574078225,23.65752534571024,26.112921959715464,18.71224747676884,prajjwal1_bert-medium_0_001
38,0.0058737919082312,1.0,19.81856154700663,19.81864034239277,18.114230380032232,18.12218863065125,17.19662959197831,22.109939561298415,23.679791282000654,26.10258189272577,18.70916610467629,prajjwal1_bert-medium_0_001
39,0.0046725240646299,1.0,19.818443298339844,19.818368046661544,18.11466382414048,18.12240097518393,17.20044894470326,22.11239451701958,23.68569701703737,26.08668668152856,18.715224163562656,prajjwal1_bert-medium_0_001
40,0.004512141019323,1.0,19.81834221233653,19.81796883060198,18.11419344208931,18.12339160134015,17.205606568272213,22.115768766142637,23.697512364344085,26.0616837798572,18.71825821673284,prajjwal1_bert-medium_0_001
41,0.0042683357043778,1.0,19.81819533606913,19.81762992706021,18.11354070500164,18.12299930593355,17.207969860083853,22.118548144842546,23.70024292325713,26.048352489923083,18.724361009719377,prajjwal1_bert-medium_0_001
42,0.0107868276332896,0.9981785063752276,19.818029407160747,19.8162251734777,18.12452052938048,18.132687469649184,17.234397179442027,22.13038012673077,23.67481536031421,26.0799663105949,18.729750197224718,prajjwal1_bert-medium_0_001
43,0.0051128542786956,1.0,19.81803513268087,19.8135509664678,18.11836781875249,18.13546259589968,17.26140301257969,22.136257011816586,23.651416535368817,26.041284418714067,18.74161248823767,prajjwal1_bert-medium_0_001
44,0.022519165001986,0.9908925318761383,19.81678771972656,19.807277283381893,18.11284510989441,18.11219595820526,17.1917622050301,22.123596858457137,23.689187722127947,26.09675100635744,18.7135730180584,prajjwal1_bert-medium_0_001
45,0.0151875444182376,0.994535519125683,19.81575202594472,19.80471876801037,18.111881582680518,18.109750299505848,17.17334354032367,22.098211625451817,23.62380828579484,26.162381837493957,18.72919015241668,prajjwal1_bert-medium_0_001
46,0.0050308959887707,1.0,19.815711975097656,19.80496723056925,18.111935544317973,18.111264977515937,17.17683179956099,22.099107891701177,23.628016390218544,26.126519152809795,18.731435042695704,prajjwal1_bert-medium_0_001
47,0.0039011068779547,1.0,19.815696716308597,19.805028168447247,18.110963401030105,18.107035207835267,17.170565412344178,22.096289476627422,23.619968685296065,26.12908538095721,18.72945187261196,prajjwal1_bert-medium_0_001
48,0.0036415525097976,1.0,19.815641406672466,19.805170722780765,18.111316938000734,18.1096954623641,17.179225900785518,22.095919457941108,23.63329299898964,26.100829744599555,18.72860934564976,prajjwal1_bert-medium_0_001
49,0.0030408109061569,1.0,19.815469738347065,19.80522102953524,18.11164589136676,18.109102829340813,17.178421020507812,22.097154363691264,23.636190223346425,26.09709603842925,18.72881306021157,prajjwal1_bert-medium_0_001
50,0.0031823811048339,1.0,19.815332409245503,19.805184703055627,18.110375326187885,18.10725009549945,17.176565187659204,22.09736970995293,23.63907845641312,26.09588789809597,18.72898628498904,prajjwal1_bert-medium_0_001
51,0.003256949817911,1.0,19.81531142493632,19.805143081859597,18.110491115104523,18.107886976231644,17.17842203498104,22.09704876119756,23.625775210410087,26.093141455033656,18.73325407657033,prajjwal1_bert-medium_0_001
52,0.0027213951035017,1.0,19.81521796832753,19.805139162935628,18.11032253188948,18.10814581976997,17.17997850094988,22.09871649959265,23.62739422629657,26.083016567542906,18.73555284510545,prajjwal1_bert-medium_0_001
53,0.0027198946614069,1.0,19.81518745074941,19.804725674766445,18.10944424822031,18.108634601308133,17.181506103070923,22.10005438132364,23.629110770581637,26.07160924692623,18.73740385573201,prajjwal1_bert-medium_0_001
54,0.0037252805806452,1.0,19.81546404062073,19.80280088553229,18.109599073510783,18.11957415248961,17.208906052108237,22.107206751088626,23.6395252971267,26.041765362404306,18.73587717080594,prajjwal1_bert-medium_0_001
55,0.0078646307929888,0.9981785063752276,19.81513404498769,19.802955974863742,18.10572705155948,18.109808652561654,17.201779308214864,22.102175019477887,23.63366374031442,26.060718807366374,18.735283231474664,prajjwal1_bert-medium_0_001
56,0.01333319797318,0.994535519125683,19.815399169921875,19.786140191750448,18.09313542378188,18.097509554392214,17.153703116328337,22.10931750855159,23.681770102356737,26.129097638017274,18.720867302899805,prajjwal1_bert-medium_0_001
57,0.0050075234735438,1.0,19.815896984440812,19.783973443703573,18.093525537376195,18.106303925505536,17.16297729158662,22.13094900996307,23.64291534701766,26.05145335935721,18.754407163526192,prajjwal1_bert-medium_0_001
58,0.0034109150973031,1.0,19.815824512141216,19.78377419004458,18.09308720156143,18.100722835797864,17.15447551956594,22.12725021278923,23.6478951320405,26.08843724540891,18.75285939701268,prajjwal1_bert-medium_0_001
59,0.0033282502299897,1.0,19.81563185950663,19.78712359152205,18.092157541076997,18.098978998013965,17.167866468863842,22.120299876061942,23.6264691239932,26.14372206168531,18.750414210807648,prajjwal1_bert-medium_0_001
60,0.017150154248226,0.9927140255009108,19.815649036067,19.78836697437724,18.095170818391395,18.117641956211223,17.233399174035355,22.17916097449909,23.69019833201702,26.06807359928208,18.74052159599485,prajjwal1_bert-medium_0_001
61,0.0212436077449613,0.9927140255009108,19.81380080481913,19.78864011781897,18.0828149792058,18.069349751012137,17.111352250007116,22.09156096133595,23.65586174858941,26.2536432929812,18.703631124861253,prajjwal1_bert-medium_0_001
62,0.0407875595628733,0.9872495446265938,19.816421508789062,19.794132267408248,18.091130088153,18.06434620230141,17.107890186414043,22.08294321973901,23.59880563426756,26.183317062850424,18.68161579125132,prajjwal1_bert-medium_0_001
63,0.0166900206549357,0.9963570127504554,19.81610488196757,19.787627617952385,18.07715973567441,18.065304254139274,17.13634030979622,22.10420385475367,23.6212091914943,26.261382528558677,18.700912489482832,prajjwal1_bert-medium_0_001
64,0.0068148318682381,0.9981785063752276,19.81627655029297,19.788097791550157,18.07867829091779,18.084011807467768,17.163660101551827,22.138381693966835,23.709489777222792,26.17911344712332,18.705573410284323,prajjwal1_bert-medium_0_001
65,0.0199935963555054,0.994535519125683,19.81468010296153,19.785009290351244,18.09608417781976,18.107860474855737,17.19274994063247,22.176194488025104,23.69875683115697,26.291161987082337,18.700211418999565,prajjwal1_bert-medium_0_001
66,0.0129709857785718,0.9963570127504554,19.814580920832626,19.786683810430365,18.09828639073884,18.116040644967057,17.213206334626523,22.17388172531823,23.656770799980787,26.28919716089801,18.684766258698343,prajjwal1_bert-medium_0_001
67,0.0097891149265464,0.9981785063752276,19.814430236816406,19.78728475379597,18.101614335412755,18.11837439198312,17.208268768366136,22.17908690405673,23.70438334980949,26.26183595639977,18.696142339098436,prajjwal1_bert-medium_0_001
68,0.0038370793212021,0.9981785063752276,19.814962390559185,19.78755942589598,18.09922368061781,18.112599760239675,17.192840048089923,22.168975357583747,23.70713211365302,26.259241184033115,18.70008782002878,prajjwal1_bert-medium_0_001
69,0.0036119008055109,1.0,19.81501960406972,19.78807704348816,18.102731437196717,18.117989864939982,17.18200333392034,22.15889631594465,23.683005536188844,26.280062371481527,18.702607841005307,prajjwal1_bert-medium_0_001
70,0.0021433028795812,1.0,19.81493187298106,19.787840893576924,18.10303457013462,18.11902557261872,17.183106511017012,22.160702286739383,23.686092467038797,26.27192448961713,18.7060127883661,prajjwal1_bert-medium_0_001
71,0.0020805966695991,1.0,19.814914696420693,19.78755716070234,18.10327394412515,18.11950473750658,17.185616025942053,22.16530017123196,23.69938203849862,26.249269912803108,18.70922163666272,prajjwal1_bert-medium_0_001
72,0.0020269029616854,1.0,19.814842224121094,19.787378988630785,18.103214104101745,18.11881087951104,17.18544387122538,22.166891490609704,23.705620576340863,26.239269319127818,18.712488546180374,prajjwal1_bert-medium_0_001
73,0.0016850255841545,1.0,19.81475639690684,19.787281932726582,18.10320530736816,18.11869677211852,17.185834915911563,22.16779367693569,23.70850248632101,26.23241904003373,18.71497050356561,prajjwal1_bert-medium_0_001
74,0.0017764495754824,1.0,19.81459045410156,19.78704517135203,18.10272800466402,18.11825842240686,17.185482532383098,22.16738421886562,23.707889021854367,26.225519565936647,18.71790483262804,prajjwal1_bert-medium_0_001
75,0.0016097560629268,1.0,19.81447219153788,19.786840873120696,18.102507460964183,18.118119356193613,17.186010711614333,22.16854893140671,23.71155734314076,26.217947426606614,18.72010008320348,prajjwal1_bert-medium_0_001
76,0.0015958036429236,1.0,19.814386364323628,19.78678511878397,18.10243311258396,18.117854940001,17.186019883564043,22.169251822383025,23.7149818573276,26.21251829942936,18.72224191412031,prajjwal1_bert-medium_0_001
77,0.001583214744693,1.0,19.81429101773733,19.786820958872312,18.10225790055072,18.117854870516528,17.18627123667677,22.17032746973368,23.719397942659416,26.20855585039205,18.724356632197924,prajjwal1_bert-medium_0_001
78,0.0015175872241046,1.0,19.81420517662618,19.786825656022312,18.10237104905759,18.1181187447303,17.186974336106488,22.171300988814,23.72259577071949,26.201853017337985,18.726708375691064,prajjwal1_bert-medium_0_001
79,0.0014332084738834,1.0,19.814123157160747,19.78674248311472,18.102362752612173,18.11817248401746,17.1875707629817,22.17251788419018,23.72585228536081,26.195374243897817,18.72839247072981,prajjwal1_bert-medium_0_001
80,0.0017762896850813,1.0,19.81418420621389,19.78620179667933,18.103468403355887,18.120853945205774,17.190310938545046,22.174854827491743,23.739923140173183,26.17740121087524,18.72973438255991,prajjwal1_bert-medium_0_001
81,0.0013387088637581,1.0,19.814081216336167,19.7859508882672,18.1029178918168,18.119697334553592,17.188589196821813,22.17419279338232,23.73916746879536,26.17608762091409,18.731387070619345,prajjwal1_bert-medium_0_001
82,0.0013344441549021,1.0,19.81399345745372,19.785885183754733,18.102910053968863,18.11956937195825,17.18880508506233,22.17427516027009,23.74003193895239,26.17185368216537,18.733215151371635,prajjwal1_bert-medium_0_001
83,0.0013462789083164,1.0,19.81395531048106,19.785516610345336,18.10228634749171,18.11890863025992,17.188116299432917,22.1745009014081,23.74263352079687,26.166164405141807,18.73495226305908,prajjwal1_bert-medium_0_001
84,0.0012760819411982,1.0,19.813854224477744,19.785479783577564,18.10239185270716,18.1187109191561,17.188014838213476,22.173786837329413,23.741264176499,26.16279123997645,18.736448472097702,prajjwal1_bert-medium_0_001
85,0.0011958590889339,1.0,19.813766479492188,19.785404726455774,18.10230556689542,18.118435079717027,17.18788019121236,22.174084828416724,23.74224881309412,26.159482611984505,18.737897362213968,prajjwal1_bert-medium_0_001
86,0.0012408789083571,1.0,19.81370925208476,19.78540047400636,18.1024984418803,18.11836645685693,17.189020139489234,22.17560154927016,23.745868814881817,26.15305185231137,18.73916817753693,prajjwal1_bert-medium_0_001
87,0.0013183272131574,1.0,19.813732154165244,19.785633441528987,18.103037780317017,18.12166100729576,17.192430173113046,22.177796452423262,23.757046906240216,26.14329100784274,18.740458031603985,prajjwal1_bert-medium_0_001
88,0.0014902212761362,1.0,19.81390380859375,19.785850608283702,18.09900946000452,18.12243990038262,17.198283294510972,22.18207329088221,23.75489401339616,26.151436699761284,18.74331603892731,prajjwal1_bert-medium_0_001
89,0.0011762259091218,1.0,19.81385230670644,19.7862305076613,18.09876388799949,18.12260735794929,17.19742668999566,22.17836099982479,23.74691747446529,26.15706541412298,18.744038705183076,prajjwal1_bert-medium_0_001
90,0.0012860226408639,1.0,19.813867565495503,19.785923942190703,18.098175521322503,18.12285247135684,17.199241096204748,22.18002404106988,23.752168971549835,26.14563396849919,18.745679344635843,prajjwal1_bert-medium_0_001
91,0.0011396050910789,1.0,19.81385993610097,19.78558392689745,18.09772292729501,18.12293080814549,17.200714903451054,22.182457373224757,23.75868894927923,26.135882268186474,18.74691344436618,prajjwal1_bert-medium_0_001
92,0.0010643724397924,1.0,19.81381795358571,19.78534995879849,18.097393946135195,18.122894731809968,17.2013510198541,22.18382621723446,23.76319204306125,26.128867116347905,18.74778855954363,prajjwal1_bert-medium_0_001
93,0.0009892105941494,1.0,19.81373023639394,19.78525978185657,18.09729715427197,18.122701884618877,17.20134835165055,22.184093801918795,23.764469570583767,26.12561713324653,18.74856035131792,prajjwal1_bert-medium_0_001
94,0.0010396304193846,1.0,19.81366347571757,19.785004662685708,18.097048622228627,18.12241170358571,17.200636524971717,22.182411457888637,23.76235697873086,26.123052211407103,18.74873352050781,prajjwal1_bert-medium_0_001
95,0.0010488548712382,1.0,19.813632958139443,19.78552867284889,18.09780694791311,18.12243040880436,17.200770699478454,22.18548540904005,23.769669426812065,26.110546313565504,18.749944704260766,prajjwal1_bert-medium_0_001
96,0.0010317007542201,1.0,19.81354904869649,19.7855568835427,18.09763509892809,18.122129693925924,17.200294008237634,22.185259501139324,23.769497591723944,26.107895842449697,18.75077130538301,prajjwal1_bert-medium_0_001
97,0.0009379698517469,1.0,19.81347465862559,19.78550292190524,18.09740252051849,18.12189633729028,17.199761326412904,22.18468464224282,23.76882057676333,26.105393901331613,18.751484049256817,prajjwal1_bert-medium_0_001
98,0.0009211477734918,1.0,19.813388817514443,19.785393358796888,18.09725084982283,18.121630031120148,17.199516046242636,22.18451491948251,23.76889357714488,26.10334791728925,18.7523045913335,prajjwal1_bert-medium_0_001
99,0.0009220904441217,1.0,19.81329345703125,19.78526652184992,18.097137062058856,18.12149193768944,17.19956093320864,22.18479149545694,23.769986067530454,26.100717096380848,18.752913511515967,prajjwal1_bert-medium_0_001
100,0.000933901114832,1.0,19.813184741633403,19.78511240530101,18.096553309150515,18.120784363460015,17.199209717019226,22.184643952138654,23.7705676803172,26.098055730100537,18.75347300044826,prajjwal1_bert-medium_0_001
101,0.0008595536165244,1.0,19.813087463378903,19.785008581609677,18.09620000842708,18.12037052786849,17.199134173506163,22.184673260687045,23.771293112054767,26.095541059428008,18.75395871077296,prajjwal1_bert-medium_0_001
102,0.0008657318540977,1.0,19.813001636164653,19.78495381395239,18.096050019255536,18.12024041125466,17.198834612069884,22.184276587758998,23.77137756347656,26.09340091003529,18.754564087247587,prajjwal1_bert-medium_0_001
103,0.0009245111618465,1.0,19.812921520573628,19.784859676395826,18.09567238507158,18.11933833610382,17.197944613319493,22.18398147332864,23.770701938205296,26.09251406587973,18.75571898858187,prajjwal1_bert-medium_0_001
104,0.000805707131101,1.0,19.81283570725627,19.784784647067823,18.09555352494148,18.119041442871094,17.197733964207828,22.18410236240519,23.771287539400472,26.090586538957552,18.756423366525784,prajjwal1_bert-medium_0_001
105,0.0008057949602059,1.0,19.81274794837382,19.78468850835859,18.095465043420567,18.118890175185356,17.197671789506312,22.184220527690616,23.77221417036213,26.08833332443932,18.757033287284585,prajjwal1_bert-medium_0_001
106,0.0008443097459052,1.0,19.812616344792374,19.78455782197212,18.095762589807286,18.119404332451047,17.198417149389158,22.18664645280126,23.777529092868605,26.081608589881103,18.757441063830544,prajjwal1_bert-medium_0_001
107,0.0007701754380858,1.0,19.81253053147502,19.7844853913632,18.09575757302873,18.119354164665516,17.19850948034957,22.18702386463492,23.778696723757328,26.079088082513305,18.75791355820953,prajjwal1_bert-medium_0_001
108,0.0007673920123101,1.0,19.812423706054688,19.78438805752113,18.095570743192525,18.118830140605432,17.19801933691584,22.18694354059049,23.778289530880897,26.078315165090647,18.758340109458604,prajjwal1_bert-medium_0_001
109,0.0007716088671532,1.0,19.81233596106913,19.784295657076253,18.09538670663191,18.11862100625516,17.197671886784565,22.186835144821195,23.778529168912403,26.07705966414433,18.75878651936849,prajjwal1_bert-medium_0_001
110,0.0007498598864721,1.0,19.812252023832396,19.78421429076481,18.095321210572845,18.11855438454772,17.19774285821967,22.1870360939012,23.77927115185013,26.075044586793105,18.759170726783072,prajjwal1_bert-medium_0_001
111,0.0008199702751549,1.0,19.812160498891807,19.78423691490743,18.09524088652842,18.118136630032232,17.197078892442047,22.186826639922373,23.78031287688375,26.07415613059789,18.759434573203052,prajjwal1_bert-medium_0_001
112,0.0007447247443897,1.0,19.81206512451172,19.78450643125996,18.09497089768151,18.1168482212421,17.194484675951127,22.185535034846737,23.781896900392404,26.07561321988132,18.75996143222941,prajjwal1_bert-medium_0_001
113,0.0007620003192731,1.0,19.811996459960938,19.78434008544477,18.09490833386697,18.1170784649736,17.193832425254726,22.185182776390317,23.78408404907893,26.07155774503892,18.760840924928317,prajjwal1_bert-medium_0_001
114,0.0006933975250176,1.0,19.81191827603811,19.78423731791734,18.09487103460482,18.11706098268158,17.19374936352228,22.185254178629112,23.78529381534875,26.069243439776866,18.761381514085446,prajjwal1_bert-medium_0_001
115,0.0006785940645874,1.0,19.81183242103007,19.784158981128687,18.09485410818854,18.11701713798259,17.19384319534719,22.18542991874431,23.785967092045016,26.0674922644332,18.76167398810604,prajjwal1_bert-medium_0_001
116,0.0006887034461316,1.0,19.81174851158712,19.78406278683188,18.09478768103761,18.11691246658075,17.193855077191127,22.18566390074016,23.7869505335073,26.06586849580914,18.76195082812144,prajjwal1_bert-medium_0_001
117,0.0006753840630675,1.0,19.81166457435038,19.78398797985417,18.094702090070548,18.116726095342027,17.193708534449176,22.185675004358067,23.787471792085576,26.06471875022235,18.762381242706912,prajjwal1_bert-medium_0_001
118,0.0006483527189222,1.0,19.811578747136128,19.783892994587102,18.094594458630397,18.116582762782475,17.193588173454575,22.185713790587823,23.78788181992828,26.06313361496222,18.762634027199667,prajjwal1_bert-medium_0_001
119,0.000686002494886,1.0,19.811502480984604,19.78374957864619,18.09446948386715,18.116493461344845,17.193458821169884,22.18541614692285,23.78822051501665,26.06124405435309,18.76274548028553,prajjwal1_bert-medium_0_001
120,0.0006634509095494,1.0,19.811422323702896,19.783681622836976,18.09431240727993,18.116326504066343,17.193043971105133,22.18463118089353,23.78714025389736,26.06025834769716,18.7628612136146,prajjwal1_bert-medium_0_001
121,0.0006370792222227,1.0,19.81136894573497,19.78362753612748,18.09424181106095,18.11626243938731,17.193089803059895,22.184845373713035,23.788033407242573,26.05827509423205,18.763322882313545,prajjwal1_bert-medium_0_001
122,0.0006219901544006,1.0,19.811315539973247,19.783578202155557,18.094186960022306,18.11614620577008,17.19294328811173,22.18485897877177,23.78841191693082,26.056851857781197,18.7638159579918,prajjwal1_bert-medium_0_001
123,0.0006061683851887,1.0,19.81127165358357,19.78352835399857,18.09418308278902,18.116142342433687,17.193109925761682,22.18514981295893,23.789273830059447,26.054884418980887,18.764228487275336,prajjwal1_bert-medium_0_001
124,0.0005828256689975,1.0,19.81122206946757,19.78348356431082,18.09418213780026,18.116189161067886,17.193354663953105,22.185499417108694,23.79028694138935,26.052718588128982,18.764647770449116,prajjwal1_bert-medium_0_001
125,0.0006009645057962,1.0,19.81117248535156,19.783443874782986,18.09421544865398,18.11625435139529,17.19372404338232,22.185795643290536,23.79139998528041,26.05058958404485,18.76501046547256,prajjwal1_bert-medium_0_001
126,0.0005808624493862,1.0,19.81112670898437,19.783391330628664,18.09418779383592,18.116178001862405,17.19371573304001,22.18583665302325,23.791815391220897,26.049344811500312,18.76540905617191,prajjwal1_bert-medium_0_001
127,0.0005877403027542,1.0,19.81108856201172,19.783322791149924,18.094089556695767,18.11609954000171,17.193399662094254,22.185478794118747,23.79160401947077,26.04832741992721,18.7657122169036,prajjwal1_bert-medium_0_001
128,0.0005878729203216,1.0,19.81105233281037,19.78326766217341,18.094070128838656,18.11634687691221,17.19347512222596,22.18573387159893,23.793694862685356,26.046106890902493,18.7661051654642,prajjwal1_bert-medium_0_001
129,0.0005763233951013,1.0,19.811006542546284,19.78322890373744,18.093972155739483,18.11628089446188,17.193511935096836,22.18594436784477,23.79462606572497,26.044639434536517,18.766351682457984,prajjwal1_bert-medium_0_001
130,0.0005547531730095,1.0,19.810958862304688,19.783182960607533,18.093914289074952,18.116188730264188,17.193555571342426,22.18610750347756,23.79518941799365,26.043040485764244,18.766721117474777,prajjwal1_bert-medium_0_001
131,0.0005394441815888,1.0,19.810907360417374,19.78313610028265,18.093849696313967,18.1160587248255,17.193456569873135,22.186132156566625,23.79560696405574,26.041772533201343,18.767077447721,prajjwal1_bert-medium_0_001
132,0.0005347764823829,1.0,19.810853968552557,19.78308697476413,18.09380032065136,18.115970465654883,17.193472412331726,22.186301309554302,23.7962475413616,26.040318890347507,18.767323255973217,prajjwal1_bert-medium_0_001
133,0.0005213372646415,1.0,19.81080817828847,19.78304030899576,18.093768455074567,18.115918769211067,17.193560740986808,22.186514279447184,23.79692784988598,26.038862134589525,18.767632128328135,prajjwal1_bert-medium_0_001
134,0.0005437103152073,1.0,19.810756690298057,19.78297503528699,18.093740327762124,18.115885805779683,17.193477776532617,22.18642971685024,23.79684838744895,26.03775808198856,18.76799230801386,prajjwal1_bert-medium_0_001
135,0.0005162033797491,1.0,19.81070520230764,19.78292187966936,18.093682627860314,18.11581511228245,17.19353953432733,22.18658205459678,23.797398523771918,26.036233148071062,18.76831713400252,prajjwal1_bert-medium_0_001
136,0.000536213374435,1.0,19.810663219792374,19.78288519187052,18.093770039320425,18.11609872008499,17.19399168365423,22.18723990574126,23.798921873443547,26.034234191116305,18.76857465733596,prajjwal1_bert-medium_0_001
137,0.0005265723893021,1.0,19.810628894465435,19.78289632328221,18.09406080402312,18.116900695911955,17.19503504852128,22.1887927446209,23.80162765419548,26.03154164020698,18.768846966964084,prajjwal1_bert-medium_0_001
138,0.000504714896924,1.0,19.810571667058003,19.78287135056459,18.0940227821225,18.1167315012336,17.194978001773467,22.18908706692833,23.802473975009605,26.03031838005358,18.76920080966637,prajjwal1_bert-medium_0_001
139,0.0004987328913179,1.0,19.810520165170693,19.782821794242373,18.093980215937712,18.11670565301169,17.195029753804857,22.18918276093697,23.80308666125021,26.028808649337574,18.76958458627725,prajjwal1_bert-medium_0_001
140,0.0005015284687116,1.0,19.81047821044922,19.782706019222623,18.093798639127247,18.116637405367715,17.19475920908221,22.1887226347932,23.80279000426468,26.027358508500896,18.76958334945373,prajjwal1_bert-medium_0_001
141,0.0007277015302515,1.0,19.810831066472065,19.784537532507613,18.098119294491404,18.116165049957665,17.195719901329834,22.19345840426308,23.80427096841114,26.052145007746685,18.77109071769784,prajjwal1_bert-medium_0_001
142,0.0005564666650565,1.0,19.810892101628315,19.784479151658022,18.09779432953381,18.116381591352173,17.193910345136576,22.19043962377885,23.801599721439548,26.05107946343761,18.77171246471301,prajjwal1_bert-medium_0_001
143,0.0004872610315511,1.0,19.81084824303243,19.78436469684316,18.097666617082552,18.1166662970093,17.193618023981813,22.18959602675585,23.801394241972265,26.04931162571864,18.772117614746094,prajjwal1_bert-medium_0_001
144,0.0050413457862099,0.9981785063752276,19.81069944899373,19.785554646142845,18.096998037536288,18.116319652897847,17.187877036617536,22.16688773844846,23.794887591363736,25.99286691912319,18.76717907570316,prajjwal1_bert-medium_0_001
145,0.0005565047880527,1.0,19.81018065016561,19.78638982164838,18.096471178509933,18.105075857026986,17.16852625167652,22.16638549082049,23.80559924738872,26.00614234354544,18.776502571036477,prajjwal1_bert-medium_0_001
146,0.000520998027319,1.0,19.810092919076943,19.786556598267268,18.096195283483286,18.10328721565844,17.165177684012658,22.16441145099577,23.80090334810629,26.01242793626907,18.77690958325329,prajjwal1_bert-medium_0_001
147,0.0004664682527666,1.0,19.810043334960938,19.786531292024208,18.096132733565646,18.10314545344785,17.165098374441456,22.1645118699482,23.801148864523743,26.011576779336007,18.77689517217473,prajjwal1_bert-medium_0_001
148,0.0004683738818348,1.0,19.80999375084493,19.786488406210868,18.096097880156748,18.10311321265493,17.16510779653525,22.16457436427827,23.8013281066561,26.01079910917577,18.77700056621503,prajjwal1_bert-medium_0_001
149,0.0004549658311681,1.0,19.80994415283203,19.786432929812012,18.096070670039275,18.10309274253081,17.165139620421364,22.16462107173732,23.80143694712599,26.009886694736167,18.77706617344924,prajjwal1_bert-medium_0_001
150,0.0004368415568341,1.0,19.809898376464844,19.78637957963787,18.0960686966804,18.1031622408952,17.165349741451077,22.16478606955384,23.80198961268357,26.00871121210261,18.777089631405467,prajjwal1_bert-medium_0_001
151,0.0008257966579675,1.0,19.80952834388163,19.78673891161309,18.09536741774373,18.094811653178898,17.156923526840348,22.157630267256163,23.770454893129557,26.03284382081857,18.778731007393592,prajjwal1_bert-medium_0_001
152,0.0005950983707031,1.0,19.80950927734375,19.78648040160021,18.09551644802962,18.096495456382875,17.16015473523861,22.16029979101296,23.77974051942808,26.02308482463677,18.780606782284373,prajjwal1_bert-medium_0_001
153,0.0005812427682763,1.0,19.80952453613281,19.785529590043865,18.095561585139706,18.09853799399565,17.164838669295737,22.16222102264237,23.794425352892155,26.01131004236218,18.780843779906117,prajjwal1_bert-medium_0_001
154,0.0004221034704458,1.0,19.809476855891216,19.78544247041852,18.09557350867433,18.098741124887937,17.165366501104636,22.16256071830708,23.79560679729302,26.009784052280786,18.781134864237355,prajjwal1_bert-medium_0_001
155,0.010829239941197,0.9963570127504554,19.80919647216797,19.79111565483941,18.10091950463467,18.106393171355588,17.152091841011533,22.137567391595336,23.74059698664208,26.06909207481287,18.778365532991447,prajjwal1_bert-medium_0_001
156,0.0010663975514293,1.0,19.808450695378315,19.79302223914308,18.10754803099919,18.108103017337985,17.167536167499147,22.17793073810515,23.842184792885146,26.008588057832423,18.77159195085258,prajjwal1_bert-medium_0_001
157,0.0007961572038488,1.0,19.80823516845703,19.792824291792076,18.106864012004248,18.108529374030557,17.16735018537344,22.177647991910007,23.825055356885567,26.017093846055328,18.77128038250032,prajjwal1_bert-medium_0_001
158,0.0134570085093038,0.9981785063752276,19.80792999267578,19.79406967579993,18.10369984222023,18.10339538907744,17.164561120538764,22.177192507328662,23.819201026457907,26.01688767174337,18.763710341601207,prajjwal1_bert-medium_0_001
159,0.0004695697992069,1.0,19.80784987708476,19.79400694522267,18.102891154193703,18.103148010476257,17.164873342045016,22.178203381258715,23.81962482612207,26.0136094501544,18.76404686877419,prajjwal1_bert-medium_0_001
160,0.0008163216141288,1.0,19.80775451660156,19.79336426948589,18.10278966518048,18.10473938544157,17.166427723479835,22.176282260804445,23.81180785132236,26.00499509939948,18.76411557501565,prajjwal1_bert-medium_0_001
161,0.000472863122926,1.0,19.80770494638245,19.79328361191602,18.102748850004268,18.10488273189802,17.166785915909788,22.17644425689197,23.81262726775067,26.00371861414397,18.76463827887085,prajjwal1_bert-medium_0_001
162,0.0004452466158402,1.0,19.807653430598247,19.79321055594689,18.10266827581576,18.10494728296832,17.167172722043453,22.176664522653937,23.81421758655208,26.002370754443447,18.765171599952684,prajjwal1_bert-medium_0_001
163,0.0004894660436654,1.0,19.80760002483653,19.79310110401369,18.10255147242589,18.105004565963327,17.167218401132384,22.176547691470287,23.814219379251337,26.001953792050887,18.76572088856515,prajjwal1_bert-medium_0_001
164,0.0004440680766887,1.0,19.80754661907481,19.79302230862755,18.10249211879376,18.105052260101814,17.167388276758523,22.176720541031635,23.81477104423259,26.001051466755964,18.766173857808763,prajjwal1_bert-medium_0_001
165,0.0011405251776665,1.0,19.807725902897847,19.79271595161035,18.102790915900894,18.107005287823565,17.16999561191691,22.179636831926302,23.83513092430129,25.97701300949347,18.768190449921377,prajjwal1_bert-medium_0_001
166,0.0005774410626107,1.0,19.807701110839844,19.79255503948052,18.10275115688859,18.10742651656243,17.170423441680185,22.17979381123527,23.835016636249147,25.97295892434042,18.768018378586067,prajjwal1_bert-medium_0_001
167,0.000475935510615,1.0,19.807647705078125,19.79248331761317,18.10269059422672,18.107299318296228,17.170095474993595,22.17947202866629,23.833839944585858,25.97330845900572,18.76808002520563,prajjwal1_bert-medium_0_001
168,0.0004789508697988,1.0,19.807596203190812,19.792437402277045,18.10257550015476,18.10689710050767,17.168917810547764,22.17837967724965,23.831296660209613,25.976256990693305,18.7685619555753,prajjwal1_bert-medium_0_001
169,0.0006300616230754,1.0,19.80750274658203,19.79245644102114,18.102035883780168,18.10516450531061,17.165533236032843,22.176100767375345,23.82981213845842,25.98121212262708,18.76912779538792,prajjwal1_bert-medium_0_001
170,0.000444455985476,1.0,19.80746269573497,19.792418266254696,18.102225020500697,18.10520245772676,17.16483462529973,22.17563911257329,23.83023399255749,25.98147660830416,18.76964248073557,prajjwal1_bert-medium_0_001
171,0.0004263064682077,1.0,19.80741501549337,19.792367125686617,18.10216893263853,18.105070284372687,17.164574878463327,22.175554841811103,23.83009790027945,25.98156090686013,18.769817387037158,prajjwal1_bert-medium_0_001
172,0.0004001629295719,1.0,19.80736351360606,19.792311649287768,18.102104951340863,18.104993128819977,17.164489273599372,22.17555930271392,23.83012431827399,25.981229299187444,18.769959357701147,prajjwal1_bert-medium_0_001
173,0.000597116677769,1.0,19.80731010784434,19.792157991336342,18.101800623270115,18.104743415540685,17.164014472336067,22.174465936824056,23.82475227953524,25.98350966823557,18.76939824283232,prajjwal1_bert-medium_0_001
174,0.0004399668205107,1.0,19.807296766826585,19.79213914714876,18.10175026092807,18.104663035908683,17.16392339209607,22.17456315949098,23.82476567614057,25.983521480595044,18.76968393516888,prajjwal1_bert-medium_0_001
175,0.0004040045272058,1.0,19.807296752929688,19.79214018941577,18.10174616134449,18.10464808285128,17.163934495713974,22.17466260566086,23.824978937868213,25.983303243779527,18.7699004487696,prajjwal1_bert-medium_0_001
176,0.00039797623262,1.0,19.807298656804097,19.792140550735,18.101745952891086,18.104654336453358,17.163976992414298,22.174739080265788,23.825128329473333,25.983097486374373,18.77011919977018,prajjwal1_bert-medium_0_001
177,0.0003941392157382,1.0,19.807296752929688,19.792141870939883,18.101747967940646,18.10465368329936,17.164018974929558,22.174839985609488,23.825390230328225,25.98288569771744,18.770337922976967,prajjwal1_bert-medium_0_001
178,0.0003969731714359,1.0,19.80729484905528,19.792143830401866,18.101743229099963,18.104643691432933,17.164031426546135,22.174913750320183,23.825555436598147,25.98267980134335,18.770552477115707,prajjwal1_bert-medium_0_001
179,0.0004049086604413,1.0,19.80729294518087,19.79214769373826,18.10174161706032,18.10462513908011,17.164014194398195,22.174964487878352,23.82569630940755,25.98254594646516,18.770707705416097,prajjwal1_bert-medium_0_001
180,0.0003889485102024,1.0,19.807292959077763,19.792151598765333,18.101742339698777,18.104615480739128,17.16399740695085,22.17503230471863,23.82591439335724,25.982429685054147,18.770883250974784,prajjwal1_bert-medium_0_001
181,0.0003937157609954,1.0,19.807291027409565,19.792153822268293,18.101733709727917,18.104591494700948,17.163984705190188,22.175089004044107,23.826100625627028,25.982356642981912,18.77106477219768,prajjwal1_bert-medium_0_001
182,0.0003971188934138,1.0,19.80729294518087,19.792161298796994,18.101746828395378,18.104627112438987,17.16412218715758,22.175270594751467,23.82654503438425,25.981882786707367,18.77120535317232,prajjwal1_bert-medium_0_001
183,0.0004000293277755,1.0,19.807291055203358,19.792159867416967,18.10174653656061,18.10464316335098,17.164165781712487,22.175354573678884,23.826758351699468,25.98171580163508,18.77136226299682,prajjwal1_bert-medium_0_001
184,0.0003758223116854,1.0,19.80729294518087,19.792161521147293,18.10174097780321,18.104634644555265,17.164165920681423,22.17539417982536,23.826826641034124,25.98162491595159,18.771504692258297,prajjwal1_bert-medium_0_001
185,0.0003917547698151,1.0,19.80728912353516,19.79216018704552,18.101739185103952,18.104633185381445,17.16417598203232,22.17545249119048,23.826914163669382,25.981470493671026,18.77168007105426,prajjwal1_bert-medium_0_001
186,0.0003732247051201,1.0,19.80728912353516,19.79216018704552,18.101737628651883,18.10463199024861,17.16420612439432,22.17552554715961,23.827060887070957,25.9812836916286,18.77180253047978,prajjwal1_bert-medium_0_001
187,0.0003869084772596,1.0,19.80728912353516,19.79216032601445,18.101734321191227,18.104630822909552,17.16422168891504,22.17558317757695,23.827223800353448,25.98111901344063,18.771920570693165,prajjwal1_bert-medium_0_001
188,0.0003804902716595,1.0,19.807291027409565,19.792157352079244,18.101742798296264,18.10468200516831,17.164328847860812,22.175669199347716,23.827497944371512,25.98084285437301,18.77204981180271,prajjwal1_bert-medium_0_001
189,0.0003851700044247,1.0,19.80728723355764,19.792160034179688,18.101735849849515,18.10467343078502,17.164269674888292,22.17573105442068,23.827420802715697,25.980914089849087,18.772184278144213,prajjwal1_bert-medium_0_001
190,0.0003924726199813,1.0,19.807287219660747,19.79215881125306,18.10173357075898,18.10467633523576,17.164276123046875,22.17579756495297,23.82750086271915,25.98079365937002,18.772275316693527,prajjwal1_bert-medium_0_001
191,0.0003759568078546,1.0,19.807287219660747,19.79216084019951,18.101743131821703,18.10469038499509,17.164300178569523,22.175852471579184,23.827580908825706,25.98070207884186,18.77236471540941,prajjwal1_bert-medium_0_001
192,0.0004567760468005,1.0,19.80728912353516,19.79212046972389,18.101869287820897,18.1051931884988,17.16488315325183,22.17613328610613,23.828985203810728,25.979760202988032,18.77254711213659,prajjwal1_bert-medium_0_001
193,0.0003703179135083,1.0,19.80728912353516,19.79211933017863,18.10187331792001,18.10520998984304,17.164915741467084,22.176173976210297,23.8291479642274,25.979634602864586,18.77261409516326,prajjwal1_bert-medium_0_001
194,0.0003813265217213,1.0,19.807287219660747,19.79212053920836,18.101871830952405,18.105201207006345,17.164904346014417,22.17618451005557,23.829184943861,25.979621678753627,18.772651102590647,prajjwal1_bert-medium_0_001
195,0.0003756020158335,1.0,19.80728912353516,19.79212180382567,18.10187010773761,18.105195175754567,17.16489956548305,22.17619889334034,23.82921233463809,25.97959724801485,18.772684482928835,prajjwal1_bert-medium_0_001
196,0.0003825995055593,1.0,19.80728912353516,19.79212080324934,18.101868648563794,18.10519664882528,17.164922676016943,22.176243029874097,23.829307167039325,25.97949996976036,18.772722129613324,prajjwal1_bert-medium_0_001
197,0.0003744352228607,1.0,19.80728912353516,19.792120678177294,18.1018667168956,18.105192493654123,17.164921897790904,22.17626035930029,23.8293320285818,25.979463254167733,18.77275166051201,prajjwal1_bert-medium_0_001
198,0.0003807108687281,1.0,19.80728912353516,19.792121108981,18.101867370049597,18.10519470326019,17.164928165289872,22.17627137953684,23.829362518366136,25.97943626640056,18.77276293089264,prajjwal1_bert-medium_0_001
199,0.0005359723381015,1.0,19.80728912353516,19.792108059798,18.10186827334767,18.105227249784765,17.164984280945824,22.1763231871558,23.829460602640456,25.979285512899875,18.772793545749018,prajjwal1_bert-medium_0_001
200,0.0003853471435899,1.0,19.807287219660747,19.792100485991043,18.10187295660078,18.105263062079317,17.165044329422635,22.17635658139088,23.82949886078826,25.97920799602793,18.77281869912625,prajjwal1_bert-medium_0_001
