epoch,loss,accuracy,emb,L1,L2,L3,L4,model
0,0.0,0.0,18.058996271204062,15.792782818829572,16.48461447821723,20.336477491590717,18.34545531096282,bert_uncased_L-4_H-512_A-8
1,1.0845411000428375,0.4074074074074074,18.058994010642724,15.79264845671477,16.482697946053964,20.335632889359086,18.34328390050817,bert_uncased_L-4_H-512_A-8
2,1.0851232475704615,0.3333333333333333,18.05899810791016,15.792503356933594,16.482344450774015,20.33645601625796,18.340867501718023,bert_uncased_L-4_H-512_A-8
3,1.0722759167353313,0.3888888888888889,18.059005737304688,15.792248054786963,16.479539941858363,20.34060640688296,18.33656141493056,bert_uncased_L-4_H-512_A-8
4,1.0815591856285378,0.4074074074074074,18.05902466950593,15.791336624710649,16.466848585340713,20.337576548258465,18.326364870424623,bert_uncased_L-4_H-512_A-8
5,1.0879721244176228,0.3703703703703703,18.059051513671875,15.790014337610316,16.45706049601237,20.33298167475948,18.314032943160445,bert_uncased_L-4_H-512_A-8
6,1.0642337379632172,0.5,18.05909361662688,15.78873966358326,16.45123940927011,20.335715823703342,18.29988267686632,bert_uncased_L-4_H-512_A-8
7,1.0802984281822487,0.4259259259259259,18.05918107209382,15.787400987413196,16.44676787764938,20.338853624131943,18.287339245831525,bert_uncased_L-4_H-512_A-8
8,1.049798470956308,0.4629629629629629,18.0592936763057,15.78602953310366,16.44575740672924,20.33911683824327,18.27790705362956,bert_uncased_L-4_H-512_A-8
9,1.0214012640493888,0.5925925925925926,18.05935471146195,15.785001260262948,16.443907561125577,20.33536501283999,18.26999254579897,bert_uncased_L-4_H-512_A-8
10,1.0038091253351282,0.6481481481481481,18.059303283691406,15.782734058521411,16.42834543298792,20.323983369050204,18.263020126907914,bert_uncased_L-4_H-512_A-8
11,0.9764269921514724,0.7037037037037037,18.059108875415944,15.780430405228229,16.3984129163954,20.32676767419886,18.25713758115415,bert_uncased_L-4_H-512_A-8
12,0.9654349397729944,0.7222222222222222,18.05895233154297,15.778151052969474,16.371382112856264,20.34942556310583,18.255930300112123,bert_uncased_L-4_H-512_A-8
13,0.9364895754390292,0.7777777777777778,18.058807373046875,15.775256404170284,16.346195503517432,20.36589022035952,18.23535410563151,bert_uncased_L-4_H-512_A-8
14,0.9329016826770924,0.8148148148148148,18.058731220386647,15.772733193856698,16.320618240921586,20.38203854031033,18.22337270666052,bert_uncased_L-4_H-512_A-8
15,0.890546719233195,0.7962962962962963,18.058633733678747,15.769841512044271,16.29931273283782,20.389880145037612,18.225974754050927,bert_uncased_L-4_H-512_A-8
16,0.8621048927307129,0.8333333333333334,18.058620594165944,15.76665030585395,16.276177865487558,20.38230542783384,18.231772811324507,bert_uncased_L-4_H-512_A-8
17,0.8204877840148078,0.925925925925926,18.05831160368743,15.764673303674767,16.24748526679145,20.373895150643808,18.236359631573716,bert_uncased_L-4_H-512_A-8
18,0.8074483893535755,0.7962962962962963,18.05764572708695,15.76459828129521,16.21886161521629,20.3558595445421,18.238693237304688,bert_uncased_L-4_H-512_A-8
19,0.7473596202002631,0.9444444444444444,18.05704498291016,15.76422373453776,16.186872694227432,20.35358047485352,18.23686698631004,bert_uncased_L-4_H-512_A-8
20,0.6791082223256429,0.9814814814814816,18.056591175220632,15.767093375877096,16.180804641158492,20.381032307942707,18.23372918588144,bert_uncased_L-4_H-512_A-8
21,0.642324564633546,0.9629629629629628,18.05610077469437,15.770250391077113,16.167361365424263,20.42829781991464,18.22511715359158,bert_uncased_L-4_H-512_A-8
22,0.5846472537076032,0.9629629629629628,18.05565247712312,15.77229337339048,16.148876896610968,20.44828047575774,18.22165665803132,bert_uncased_L-4_H-512_A-8
23,0.5360913618847176,1.0,18.05529615614149,15.772202103226274,16.13005899499964,20.455883449978295,18.210657472963685,bert_uncased_L-4_H-512_A-8
24,0.4836547363687444,0.9814814814814816,18.055103160716868,15.770232871726709,16.11208004421658,20.46024619208442,18.19432618882921,bert_uncased_L-4_H-512_A-8
25,0.4245049776854338,0.9814814814814816,18.05486297607422,15.768175619619864,16.082595825195312,20.474670975296583,18.181873321533203,bert_uncased_L-4_H-512_A-8
26,0.3777594654648392,1.0,18.054590154577184,15.76745746753834,16.04757888228805,20.51620850739656,18.16323909053096,bert_uncased_L-4_H-512_A-8
27,0.3389180181203065,1.0,18.05456910309968,15.766798090051722,16.013474075882524,20.55012540464048,18.151754449915003,bert_uncased_L-4_H-512_A-8
28,0.3101565959276976,1.0,18.054708551477503,15.765013659441912,16.011886879249854,20.560125845449942,18.1387289541739,bert_uncased_L-4_H-512_A-8
29,0.2744419983139745,1.0,18.054702758789062,15.764644198947485,16.0083166051794,20.552213315610533,18.122649298773872,bert_uncased_L-4_H-512_A-8
30,0.2184540811512205,1.0,18.05474853515625,15.763350168863932,16.000993940565323,20.552297945375795,18.10499827067057,bert_uncased_L-4_H-512_A-8
31,0.1884868647213335,1.0,18.054771423339844,15.762390701859086,15.996441311306423,20.551314177336515,18.09149819833261,bert_uncased_L-4_H-512_A-8
32,0.165519967675209,1.0,18.05487244217484,15.76114993625217,15.988472408718533,20.553677452935112,18.08445852774161,bert_uncased_L-4_H-512_A-8
33,0.1595613454227094,1.0,18.05499451248734,15.760604010687937,15.975175080475983,20.564784297236688,18.081526862250435,bert_uncased_L-4_H-512_A-8
34,0.1378409779734081,1.0,18.05517394454391,15.75916106612594,15.962361512360747,20.59467456958912,18.07329093085395,bert_uncased_L-4_H-512_A-8
35,0.1237022082010905,1.0,18.05530364425094,15.757626003689236,15.952209613941331,20.64871795089157,18.062757986563224,bert_uncased_L-4_H-512_A-8
36,0.1035736962049095,1.0,18.055450439453125,15.756071443910953,15.937094229239005,20.691485087076824,18.055406499792028,bert_uncased_L-4_H-512_A-8
37,0.0914330683924533,1.0,18.05557618317781,15.755191379123264,15.927392465096933,20.7238638136122,18.048531143753618,bert_uncased_L-4_H-512_A-8
38,0.0871434556665243,1.0,18.05558013916016,15.75612951208044,15.91666497124566,20.75248294406467,18.044077979193798,bert_uncased_L-4_H-512_A-8
39,0.0759187039953691,1.0,18.05554962158203,15.757033030192057,15.908136579725475,20.772950914171005,18.040273595739293,bert_uncased_L-4_H-512_A-8
40,0.0746063457594977,1.0,18.05553252608688,15.757771244755498,15.900478221752026,20.78360875447591,18.03680165608724,bert_uncased_L-4_H-512_A-8
41,0.0651698697496343,1.0,18.05552673339844,15.758296118842232,15.896374737774885,20.79181487471969,18.032824057119864,bert_uncased_L-4_H-512_A-8
42,0.0635467707007019,1.0,18.05556897763853,15.758219542326753,15.89660503246166,20.801549134431063,18.025939800121165,bert_uncased_L-4_H-512_A-8
43,0.055479634553194,1.0,18.055662367078995,15.757612299036095,15.898585708053025,20.809496420401118,18.018893912986474,bert_uncased_L-4_H-512_A-8
44,0.0549282769638079,1.0,18.055763244628903,15.75723718713831,15.898672174524378,20.808462496157045,18.01432955706561,bert_uncased_L-4_H-512_A-8
45,0.0527063341880286,1.0,18.05586059005172,15.75671895345052,15.898902893066406,20.800559997558597,18.014738859953702,bert_uncased_L-4_H-512_A-8
46,0.0473207202222612,1.0,18.055891107629847,15.756751872875071,15.896251254611546,20.79314987747757,18.01493637650101,bert_uncased_L-4_H-512_A-8
47,0.0441262897241998,1.0,18.05590241043656,15.757081067120588,15.89173663104022,20.79158161304615,18.013657181351274,bert_uncased_L-4_H-512_A-8
48,0.0429472897063802,1.0,18.055892944335938,15.757495314986617,15.88827104921694,20.798928013554328,18.01250457763672,bert_uncased_L-4_H-512_A-8
49,0.0410764936219762,1.0,18.055948186803747,15.757369571261936,15.8860513192636,20.80530166625977,18.010411862973815,bert_uncased_L-4_H-512_A-8
50,0.0383235192685215,1.0,18.05601148252134,15.75717615198206,15.885002983940971,20.80859699955693,18.00798077053494,bert_uncased_L-4_H-512_A-8
51,0.0353549104183912,1.0,18.05603606612594,15.757182368525752,15.88235742074472,20.81439858895761,18.00520918104384,bert_uncased_L-4_H-512_A-8
52,0.0335453389971344,1.0,18.05610458939164,15.756995872214988,15.882060439498336,20.81140122590241,18.003184000651043,bert_uncased_L-4_H-512_A-8
53,0.0356797133054998,1.0,18.05614118222837,15.756953204119649,15.880214549877026,20.811959019413703,18.002073499891495,bert_uncased_L-4_H-512_A-8
54,0.0342412854510325,1.0,18.05615997314453,15.757092511212385,15.879079182942707,20.81619587651005,18.00139010394061,bert_uncased_L-4_H-512_A-8
55,0.0341255607566347,1.0,18.056173395227503,15.75727872495298,15.876634809705946,20.81942226268627,18.00066672431098,bert_uncased_L-4_H-512_A-8
56,0.0302829345067342,1.0,18.05621154220016,15.757258097330729,15.878270325837311,20.816384068241828,18.00022421942817,bert_uncased_L-4_H-512_A-8
57,0.0311051546423523,1.0,18.056232311107493,15.757477089210791,15.876721417462385,20.817249015525537,17.997714431197554,bert_uncased_L-4_H-512_A-8
58,0.0290213459757743,1.0,18.056236267089844,15.757765734637225,15.874787931089047,20.823202203821253,17.99413200660988,bert_uncased_L-4_H-512_A-8
59,0.027448893421226,1.0,18.05622284500687,15.7578493754069,15.872225443522137,20.83231763486509,17.990204987702548,bert_uncased_L-4_H-512_A-8
60,0.0268320719263067,1.0,18.056223268862123,15.757772940176505,15.870314280192057,20.840473457618995,17.986574950041593,bert_uncased_L-4_H-512_A-8
61,0.0267473614464203,1.0,18.056257318567347,15.757549992314091,15.868125350387007,20.84052191840278,17.984648245352286,bert_uncased_L-4_H-512_A-8
62,0.0247342562371933,1.0,18.0562744140625,15.75747157909252,15.865284107349536,20.84224079273365,17.982773392288774,bert_uncased_L-4_H-512_A-8
63,0.0239455197006464,1.0,18.056291650842734,15.75737437495479,15.863118913438583,20.83949025472005,17.98169340910735,bert_uncased_L-4_H-512_A-8
64,0.0250853077267055,1.0,18.05628388016312,15.75728268093533,15.860806783040363,20.83719790423358,17.981280715377242,bert_uncased_L-4_H-512_A-8
65,0.0226616103340078,1.0,18.05626904522931,15.75721373381438,15.858245708324292,20.838544209798176,17.98001621387623,bert_uncased_L-4_H-512_A-8
66,0.0233238908565706,1.0,18.056245733190465,15.757259510181568,15.854872244375724,20.843748869719327,17.97827642935294,bert_uncased_L-4_H-512_A-8
67,0.022120414301753,1.0,18.05622100830078,15.757350073920357,15.851179193567347,20.854301170066552,17.976021378128618,bert_uncased_L-4_H-512_A-8
68,0.0226336819706139,1.0,18.056194446705007,15.757491500289351,15.847280855532048,20.863515500669127,17.97391086154514,bert_uncased_L-4_H-512_A-8
69,0.0207899372196859,1.0,18.05619995682328,15.757242132116248,15.847244262695312,20.86427589699074,17.973673078748917,bert_uncased_L-4_H-512_A-8
70,0.0208158356448014,1.0,18.056194446705007,15.757102259883174,15.845496848777488,20.86509676332827,17.972478795934606,bert_uncased_L-4_H-512_A-8
71,0.0195081988004622,1.0,18.0561848393193,15.756936532479743,15.842078738742403,20.86462359958225,17.97105379457827,bert_uncased_L-4_H-512_A-8
72,0.0191696514547974,1.0,18.056182861328125,15.756805843777126,15.837903340657553,20.86539459228516,17.969122427481192,bert_uncased_L-4_H-512_A-8
73,0.0184896591774843,1.0,18.056167602539062,15.756759219699436,15.832938724093967,20.86684007997866,17.967258735939307,bert_uncased_L-4_H-512_A-8
74,0.0188571819690642,1.0,18.056167602539062,15.756692391854743,15.828880310058594,20.86379694055628,17.9666589807581,bert_uncased_L-4_H-512_A-8
75,0.0182386035858481,1.0,18.05616392912688,15.7566488760489,15.824223129837602,20.858431215639467,17.965934046992547,bert_uncased_L-4_H-512_A-8
76,0.0171054589251677,1.0,18.05616576583297,15.756633899830003,15.82014634874132,20.853728824191624,17.965173368100768,bert_uncased_L-4_H-512_A-8
77,0.0175065261967204,1.0,18.056177068639684,15.756556899459271,15.817368825276692,20.847089414243342,17.964778335006148,bert_uncased_L-4_H-512_A-8
78,0.0163841922250058,1.0,18.056190490722656,15.756489789044416,15.815538477014613,20.83769805343063,17.964096210621022,bert_uncased_L-4_H-512_A-8
79,0.0166286903399008,1.0,18.056194446705007,15.75649713586878,15.813637203640408,20.831759134928387,17.963129961932147,bert_uncased_L-4_H-512_A-8
80,0.0158496939197734,1.0,18.05620574951172,15.75645884761104,15.812213897705078,20.82772035951968,17.962610597963685,bert_uncased_L-4_H-512_A-8
81,0.0164373571880989,1.0,18.056203488950377,15.75660267582646,15.809719368263528,20.82635243733724,17.962975254765265,bert_uncased_L-4_H-512_A-8
82,0.0154244790405586,1.0,18.05620758621781,15.756690979003906,15.8067468713831,20.82444692541052,17.962974265769677,bert_uncased_L-4_H-512_A-8
83,0.0156465462167505,1.0,18.05619995682328,15.75673265810366,15.803770277235245,20.822205861409504,17.962913937038845,bert_uncased_L-4_H-512_A-8
84,0.0155766860547441,1.0,18.056179187915944,15.756752579300493,15.79980610035084,20.82209693060981,17.962191263834637,bert_uncased_L-4_H-512_A-8
85,0.0148095433358792,1.0,18.056173395227503,15.756692391854743,15.796904104727286,20.8205978958695,17.9612747474953,bert_uncased_L-4_H-512_A-8
86,0.0143273054725594,1.0,18.056177068639684,15.756555769178602,15.795817198576753,20.814211386221427,17.960830829761647,bert_uncased_L-4_H-512_A-8
87,0.0146127903006143,1.0,18.056184698034212,15.756426069471573,15.794863948115596,20.808815285011573,17.960571147777415,bert_uncased_L-4_H-512_A-8
88,0.014586300175223,1.0,18.056196283411097,15.75624112729673,15.795337111861617,20.80274737322772,17.960435372811776,bert_uncased_L-4_H-512_A-8
89,0.0144473860316254,1.0,18.05620758621781,15.756017331723813,15.795753479003906,20.794784122043183,17.960672731752748,bert_uncased_L-4_H-512_A-8
90,0.0141456692858978,1.0,18.05621337890625,15.75591278076172,15.795844749168111,20.789943412498197,17.961024107756437,bert_uncased_L-4_H-512_A-8
91,0.0135769584319657,1.0,18.05621154220016,15.755925920274525,15.795614454481337,20.78911986174407,17.960861488624854,bert_uncased_L-4_H-512_A-8
92,0.0143087221033595,1.0,18.056200098108363,15.75601719043873,15.795046205873843,20.788876427544487,17.961130919279874,bert_uncased_L-4_H-512_A-8
93,0.0135721232811058,1.0,18.056190490722656,15.756077660454643,15.794047602900752,20.784726036919487,17.961758225052446,bert_uncased_L-4_H-512_A-8
94,0.0128505579023449,1.0,18.05616958053024,15.756179527000144,15.791985264530888,20.78341010764793,17.962264166937935,bert_uncased_L-4_H-512_A-8
95,0.0129417847772991,1.0,18.05614655106156,15.75631261754919,15.789514753553602,20.7848637898763,17.961989791304976,bert_uncased_L-4_H-512_A-8
96,0.01270842410762,1.0,18.05612761886032,15.756402333577476,15.787094116210938,20.788249686912252,17.96092888160988,bert_uncased_L-4_H-512_A-8
97,0.01247941840578,1.0,18.05610656738281,15.756512959798178,15.78497992621528,20.79103738290292,17.959763138382524,bert_uncased_L-4_H-512_A-8
98,0.012065486603037,1.0,18.05610077469437,15.75651126437717,15.78335260461878,20.790468004014755,17.958959226255065,bert_uncased_L-4_H-512_A-8
99,0.0118825697788485,1.0,18.05609498200593,15.75646859628183,15.7808917010272,20.78693714848271,17.958959226255065,bert_uncased_L-4_H-512_A-8
100,0.0119596984996287,1.0,18.05609130859375,15.756357263635708,15.778722409848813,20.781817259611906,17.95881243105288,bert_uncased_L-4_H-512_A-8
101,0.012071274669358,1.0,18.05608763518157,15.756256386085791,15.777036596227576,20.78046883477105,17.958261560510707,bert_uncased_L-4_H-512_A-8
102,0.0114092308062094,1.0,18.05608777646665,15.756115948712385,15.776574594003185,20.776155825014467,17.95826466878255,bert_uncased_L-4_H-512_A-8
103,0.0111298644225354,1.0,18.05608551590531,15.756025102403427,15.775908999972874,20.773864463523584,17.95861053466797,bert_uncased_L-4_H-512_A-8
104,0.0114172152416021,1.0,18.05609498200593,15.755840018943504,15.775753727665654,20.76897430419922,17.958442829273366,bert_uncased_L-4_H-512_A-8
105,0.011085106232376,1.0,18.056101198549623,15.755715122929326,15.775864353886355,20.76381923534252,17.9583459077058,bert_uncased_L-4_H-512_A-8
106,0.0112897558827643,1.0,18.05609314529984,15.755709188955802,15.774849926983867,20.76387984664352,17.957881927490234,bert_uncased_L-4_H-512_A-8
107,0.0111025943317347,1.0,18.056076049804688,15.75576443142361,15.773184175844548,20.76770429257993,17.957375561749494,bert_uncased_L-4_H-512_A-8
108,0.0108598439988714,1.0,18.05606446442781,15.755826455575448,15.771790398491753,20.770092716923468,17.95705300790292,bert_uncased_L-4_H-512_A-8
109,0.0108063101285585,1.0,18.056057117603444,15.755857255723742,15.770955544930915,20.770656726978444,17.956654866536457,bert_uncased_L-4_H-512_A-8
110,0.0107734815596982,1.0,18.056050901059752,15.75581670690466,15.770671561912254,20.769471768979678,17.956116287796586,bert_uncased_L-4_H-512_A-8
111,0.0108898203751003,1.0,18.056041858814385,15.755860222710504,15.769960756655092,20.769349839952252,17.95593727959527,bert_uncased_L-4_H-512_A-8
112,0.0107666516538571,1.0,18.05603973953812,15.755881980613426,15.769335711443864,20.76841735839844,17.955897861056858,bert_uncased_L-4_H-512_A-8
113,0.0105580345003141,1.0,18.05603606612594,15.755868699815538,15.768890804714626,20.767792595757378,17.956063447175204,bert_uncased_L-4_H-512_A-8
114,0.010507982948588,1.0,18.05602660002532,15.755847648338037,15.768207691333911,20.765780131022137,17.95667874371564,bert_uncased_L-4_H-512_A-8
115,0.0101662365443728,1.0,18.05602843673141,15.755789438883465,15.76788655033818,20.763404846191406,17.957164905689382,bert_uncased_L-4_H-512_A-8
116,0.0104961730539798,1.0,18.05602448074906,15.755740412959346,15.767150596336082,20.761176780418115,17.9576213977955,bert_uncased_L-4_H-512_A-8
117,0.0100745229326464,1.0,18.056016851354528,15.755708482530382,15.766264173719618,20.761254204644096,17.95763397216797,bert_uncased_L-4_H-512_A-8
118,0.0103244594194822,1.0,18.056016992639613,15.755649990505642,15.765717400444878,20.75951781096282,17.9575230633771,bert_uncased_L-4_H-512_A-8
119,0.009884445997024,1.0,18.056013177942347,15.75558090209961,15.764995716236257,20.759457623517072,17.95699183146159,bert_uncased_L-4_H-512_A-8
120,0.0101816257875826,1.0,18.056007385253903,15.75551195497866,15.76444724754051,20.761940567581743,17.95630377310294,bert_uncased_L-4_H-512_A-8
121,0.0098205278110173,1.0,18.05600922196,15.755388330530238,15.764301441333911,20.762210139521844,17.956164748580367,bert_uncased_L-4_H-512_A-8
122,0.0093311510497221,1.0,18.05600173385055,15.755375756157768,15.76365887677228,20.764998965793183,17.955783561423974,bert_uncased_L-4_H-512_A-8
123,0.0097276951634773,1.0,18.055996082447194,15.755380418565538,15.763409226029008,20.76628564905237,17.95552656385634,bert_uncased_L-4_H-512_A-8
124,0.0092311289368404,1.0,18.055997919153285,15.755323198106554,15.76297491568106,20.764886502866396,17.955544930917245,bert_uncased_L-4_H-512_A-8
125,0.0090251744345382,1.0,18.055997919153285,15.755359367088037,15.76120659157082,20.765811920166016,17.955258263481987,bert_uncased_L-4_H-512_A-8
126,0.0095162106746876,1.0,18.055992126464844,15.755426618787975,15.75978370949074,20.768868340386284,17.954963825367116,bert_uncased_L-4_H-512_A-8
127,0.0091967575114082,1.0,18.055986333776403,15.75544724641023,15.759205570927373,20.7710127653899,17.95482126871745,bert_uncased_L-4_H-512_A-8
128,0.0090156763240143,1.0,18.05599198517976,15.755374202021846,15.759215319598162,20.77000512017144,17.955044075294776,bert_uncased_L-4_H-512_A-8
129,0.0091690128600155,1.0,18.055986333776403,15.755313732005932,15.759025008590132,20.77037528709129,17.955195956759983,bert_uncased_L-4_H-512_A-8
130,0.0086577494318286,1.0,18.055982660364226,15.755305537471065,15.758523446542243,20.77097984596535,17.955194261338974,bert_uncased_L-4_H-512_A-8
131,0.0088919491196672,1.0,18.05597107498734,15.755313873291016,15.757928212483725,20.771999076560693,17.955014687997323,bert_uncased_L-4_H-512_A-8
132,0.0088894287193263,1.0,18.05596344559281,15.755296495225696,15.75743470368562,20.77434002911603,17.95462770815249,bert_uncased_L-4_H-512_A-8
133,0.0090711130933077,1.0,18.055957652904368,15.755311754014755,15.756963376645688,20.77776873553241,17.954189017966943,bert_uncased_L-4_H-512_A-8
134,0.0087270641147538,1.0,18.055948186803747,15.755352161548757,15.756421124493636,20.78155291521991,17.953714582655167,bert_uncased_L-4_H-512_A-8
135,0.0089506205792228,1.0,18.055942394115306,15.755363040500216,15.756254549379705,20.78437946460865,17.953535857024015,bert_uncased_L-4_H-512_A-8
136,0.0087936077335918,1.0,18.055935047290944,15.755388189245153,15.75571780734592,20.78598799528899,17.953372107611763,bert_uncased_L-4_H-512_A-8
137,0.0083818677295413,1.0,18.055931091308597,15.75537109375,15.755143483479818,20.78380372789171,17.953904187237775,bert_uncased_L-4_H-512_A-8
138,0.008352392318624,1.0,18.055936883997035,15.75531613385236,15.754958400019891,20.779522648564093,17.95450676812066,bert_uncased_L-4_H-512_A-8
139,0.0083707820072218,1.0,18.055935047290944,15.755292963098595,15.754561671504268,20.77626065854673,17.95487184877749,bert_uncased_L-4_H-512_A-8
140,0.0084200768076159,1.0,18.055935047290944,15.75528448599356,15.754369806360316,20.77353866012008,17.9552247789171,bert_uncased_L-4_H-512_A-8
141,0.0082354000942022,1.0,18.05593095002351,15.755299744782624,15.754030439588758,20.77176864058883,17.955288922345197,bert_uncased_L-4_H-512_A-8
142,0.0081915289715484,1.0,18.055929254602503,15.755308787027994,15.753433651394314,20.77176779287833,17.954968911630136,bert_uncased_L-4_H-512_A-8
143,0.0085300130562649,1.0,18.05592162520797,15.755327295373988,15.752721998426647,20.77310548005281,17.954597190574365,bert_uncased_L-4_H-512_A-8
144,0.0081976512274532,1.0,18.05591399581344,15.755350607412833,15.75193362765842,20.77486334906684,17.95421063458478,bert_uncased_L-4_H-512_A-8
145,0.0083196776643119,1.0,18.05590452971282,15.755367137767651,15.751038445366753,20.77539966724537,17.953947561758536,bert_uncased_L-4_H-512_A-8
146,0.0083198524252684,1.0,18.055892944335938,15.755392992938006,15.749924836335358,20.775834401448567,17.953346817581743,bert_uncased_L-4_H-512_A-8
147,0.0075824729477365,1.0,18.055881358959056,15.755447952835649,15.749008178710938,20.776503951461223,17.952774047851562,bert_uncased_L-4_H-512_A-8
148,0.0074606398292989,1.0,18.055868219446253,15.755497967755351,15.748269822862412,20.778028276231552,17.952237870958115,bert_uncased_L-4_H-512_A-8
149,0.0081947956027256,1.0,18.05586059005172,15.75554303769712,15.747584307635272,20.77918031480577,17.951847641556352,bert_uncased_L-4_H-512_A-8
150,0.0078150350255546,1.0,18.05585310194228,15.755577369972512,15.746935526529947,20.77914456967954,17.95171440972222,bert_uncased_L-4_H-512_A-8
151,0.0080722463489682,1.0,18.05584900467484,15.755598138879847,15.746303417064526,20.779542569760924,17.951918566668475,bert_uncased_L-4_H-512_A-8
152,0.0075932800666325,1.0,18.05584716796875,15.755606333414711,15.746183607313368,20.77944126835576,17.952162707293475,bert_uncased_L-4_H-512_A-8
153,0.0079259560270993,1.0,18.05584363584165,15.755592346191406,15.74607820864077,20.77866886280201,17.952233773690683,bert_uncased_L-4_H-512_A-8
154,0.007763387704337,1.0,18.055837843153213,15.755613680239078,15.745696738914209,20.779464015254263,17.952242533365887,bert_uncased_L-4_H-512_A-8
155,0.0078945123694009,1.0,18.055833745885774,15.755641089545357,15.745333071108218,20.780202794958043,17.952250869185836,bert_uncased_L-4_H-512_A-8
156,0.0075831740266746,1.0,18.055826116491247,15.755679801658347,15.744959937201608,20.782220345956308,17.952092629891855,bert_uncased_L-4_H-512_A-8
157,0.0077981008906607,1.0,18.055820747658057,15.75570805867513,15.744911476417824,20.78360748291016,17.952111420808016,bert_uncased_L-4_H-512_A-8
158,0.0076552612741512,1.0,18.05581834581163,15.75569972285518,15.745019135651765,20.783351615623197,17.952212863498264,bert_uncased_L-4_H-512_A-8
159,0.0081445507498251,1.0,18.055818487096715,15.755684746636284,15.74522046689634,20.78204204418041,17.95236234311704,bert_uncased_L-4_H-512_A-8
160,0.0073816320789908,1.0,18.055818487096715,15.75566185845269,15.745491875542534,20.78010290640372,17.952461807816118,bert_uncased_L-4_H-512_A-8
161,0.0073748491704463,1.0,18.055818487096715,15.755622863769531,15.745876877396196,20.77810061419452,17.952502215350115,bert_uncased_L-4_H-512_A-8
162,0.0075286569211769,1.0,18.055816650390625,15.755590933340567,15.746146590621382,20.776410279450594,17.952645619710285,bert_uncased_L-4_H-512_A-8
163,0.0077243510599213,1.0,18.055820182517724,15.75557299013491,15.746247750741464,20.77436743842231,17.952820671929253,bert_uncased_L-4_H-512_A-8
164,0.00751271887027,1.0,18.05581834581163,15.755567197446467,15.746114095052084,20.773074114764174,17.952874218976056,bert_uncased_L-4_H-512_A-8
165,0.0076746593091498,1.0,18.055810857702184,15.755575391981337,15.745783346670644,20.77270762125651,17.952837202284073,bert_uncased_L-4_H-512_A-8
166,0.0075069573638891,1.0,18.055805065013743,15.755581891095195,15.745461499249494,20.772767808702252,17.952777438693577,bert_uncased_L-4_H-512_A-8
167,0.0073980124046405,1.0,18.055799554895472,15.755571012143736,15.745336461950233,20.772399337203414,17.952771222149885,bert_uncased_L-4_H-512_A-8
168,0.0074143847795548,1.0,18.05579559891312,15.75557228370949,15.74516381157769,20.772205494068288,17.952773765281396,bert_uncased_L-4_H-512_A-8
169,0.0075134944032739,1.0,18.05578980622468,15.75556578459563,15.74518005936234,20.77242307309751,17.952750594527632,bert_uncased_L-4_H-512_A-8
170,0.0073877112181098,1.0,18.0557861328125,15.755568186442057,15.745139369258174,20.77297959504304,17.95258076985677,bert_uncased_L-4_H-512_A-8
171,0.007318858384948,1.0,18.05578245940032,15.755555188214338,15.745187406186703,20.77345954047309,17.952394556116175,bert_uncased_L-4_H-512_A-8
172,0.0072207479668712,1.0,18.05578019883897,15.755528767903646,15.745216934769244,20.773254111961084,17.952124277750652,bert_uncased_L-4_H-512_A-8
173,0.00706852077403,1.0,18.055772710729528,15.755530463324654,15.745205490677446,20.77303229437934,17.95184509842484,bert_uncased_L-4_H-512_A-8
174,0.0076053590444778,1.0,18.055772710729528,15.75553865785952,15.745014473243996,20.77300333093714,17.951646310311776,bert_uncased_L-4_H-512_A-8
175,0.006888592408763,1.0,18.055774547435615,15.755549819381148,15.744757051821107,20.77308570014106,17.951471399377894,bert_uncased_L-4_H-512_A-8
176,0.0073645673002357,1.0,18.055772710729528,15.75556649102105,15.744451734754774,20.77335527208116,17.951329549153645,bert_uncased_L-4_H-512_A-8
177,0.0071115006554733,1.0,18.055774547435615,15.755576804832176,15.744188944498696,20.773628658718533,17.951159018057364,bert_uncased_L-4_H-512_A-8
178,0.007189010925315,1.0,18.055772852014613,15.755585564507378,15.744048648410374,20.774417029486763,17.951028329354745,bert_uncased_L-4_H-512_A-8
179,0.0071616088799028,1.0,18.055772710729528,15.755593335186994,15.743870911774811,20.77489739877206,17.950841550473815,bert_uncased_L-4_H-512_A-8
180,0.0072485149182655,1.0,18.055774547435615,15.755598704020182,15.743723551432293,20.77536674782082,17.95068218089916,bert_uncased_L-4_H-512_A-8
181,0.0071341534731564,1.0,18.05577666671188,15.755593335186994,15.74370363023546,20.77579696090133,17.95066480283384,bert_uncased_L-4_H-512_A-8
182,0.0071929597330314,1.0,18.05577850341797,15.755577228687429,15.743681448477286,20.77574468542028,17.950662824842667,bert_uncased_L-4_H-512_A-8
183,0.0071466666370354,1.0,18.05578019883897,15.755562817608867,15.743660820855034,20.775575708459925,17.95062580815068,bert_uncased_L-4_H-512_A-8
184,0.0068314320200847,1.0,18.05578429610641,15.755541059705946,15.743669439245153,20.77463828192817,17.95066014042607,bert_uncased_L-4_H-512_A-8
185,0.0072113997130482,1.0,18.0557861328125,15.75551986694336,15.74366534197772,20.773587120903866,17.950714959038628,bert_uncased_L-4_H-512_A-8
186,0.0070895622484385,1.0,18.05578796951859,15.755505879720053,15.743579440646702,20.773085982711223,17.95077133178711,bert_uncased_L-4_H-512_A-8
187,0.0072051281178439,1.0,18.05578796951859,15.755493022777417,15.74351331922743,20.772541611282914,17.950868394639755,bert_uncased_L-4_H-512_A-8
188,0.0071328466378704,1.0,18.05578796951859,15.755490479645903,15.74345115379051,20.771935780843098,17.95099385579427,bert_uncased_L-4_H-512_A-8
189,0.0069180369653083,1.0,18.05578980622468,15.755496131049265,15.743435188576028,20.771738123010707,17.95105701022678,bert_uncased_L-4_H-512_A-8
190,0.0070526475880157,1.0,18.055788110803675,15.755493587917751,15.743438014277706,20.77160248933015,17.951078909414786,bert_uncased_L-4_H-512_A-8
191,0.0074430071507339,1.0,18.05579192550094,15.7554852520978,15.743526600025318,20.77159966362847,17.951122425220632,bert_uncased_L-4_H-512_A-8
192,0.0075766124797088,1.0,18.055792066786022,15.755468721742984,15.743615327058016,20.77142404626917,17.95116820158782,bert_uncased_L-4_H-512_A-8
193,0.0070905820811512,1.0,18.05579376220703,15.755452473958334,15.74368992558232,20.77118499190719,17.951187840214484,bert_uncased_L-4_H-512_A-8
194,0.0071197982222117,1.0,18.055797718189385,15.755437921594693,15.74378345630787,20.771104741979528,17.95118303652163,bert_uncased_L-4_H-512_A-8
195,0.0070373158625982,1.0,18.055799554895472,15.755429303204572,15.743853251139322,20.77099863688151,17.951189253065323,bert_uncased_L-4_H-512_A-8
196,0.0069523277106108,1.0,18.055797718189385,15.755426336217807,15.743878965024594,20.770915702537252,17.95120719627098,bert_uncased_L-4_H-512_A-8
197,0.0067740959736208,1.0,18.055797718189385,15.755427042643229,15.743878541169344,20.77087812070493,17.951217933937354,bert_uncased_L-4_H-512_A-8
198,0.0067348862584266,1.0,18.055797718189385,15.755428455494068,15.743865825511792,20.770878827130357,17.951221607349538,bert_uncased_L-4_H-512_A-8
199,0.0072474401892611,1.0,18.055797718189385,15.755428738064236,15.743860456678602,20.77089648776584,17.95121878164786,bert_uncased_L-4_H-512_A-8
200,0.0074016237114038,1.0,18.055797718189385,15.755428596779153,15.743858337402344,20.77089521620009,17.951218216507524,bert_uncased_L-4_H-512_A-8
